"학교명","설립별","지역별","교외장학금 소계(원)","교외장학금 국가","교외장학금 지방자치단체","교외장학금 사설및기타","교내장학금 소계(원)","교내장학금 성적우수장학금","교내장학금 저소득층장학금","교내장학금 근로장학금","교내장학금 재난장학금","교내장학금 교직원장학금","교내장학금 기타장학금","총계(원)"
"ICT폴리텍대학","사립","경기","462312000","280892000","0","181420000","101728000","33524000","68204000","0","0","0","0","564040000"
"가야대학교(김해)","사립","경남","4752931433","4701192873","5438560","46300000","2034070722","592548990","835240270","117497462","0","14248000","474536000","6787002155"
"가천대학교","사립","경기","40024949259","38565866879","97550440","1361531940","27726101831","6279840000","7994354780","1445094011","5000000","159614000","11842199040","67751051090"
"가톨릭관동대학교","사립","강원","18657900192","17562903302","430489570","664507320","6033026062","2045134790","405631500","236506774","0","139239500","3206513498","24690926254"
"가톨릭꽃동네대학교","사립","충북","1653654391","1572115751","2330640","79208000","593521770","96244000","207192000","125041136","0","3309000","161735634","2247176161"
"가톨릭대학교","사립","경기","16603393756","15553160356","86756476","963476924","9737049658","3885018100","2822671300","574840354","0","33988000","2420531904","26340443414"
"가톨릭상지대학교","사립","경북","5197958760","5125293760","0","72665000","1667728325","217243000","36334000","22122546","0","22014000","1370014779","6865687085"
"감리교신학대학교","사립","서울","2490615439","2222984708","20500000","247130731","390906512","230396800","56157000","47354712","0","6304000","50694000","2881521951"
"강남대학교","사립","경기","15335987766","15180780166","6390600","148817000","6919262264","2261507500","2934517840","298030334","0","58824000","1366382590","22255250030"
"강동대학교","사립","충북","9134998036","9016787166","40880870","77330000","2597966479","232470500","558817000","47429122","1200000","77900000","1680149857","11732964515"
"강릉영동대학교","사립","강원","6835752064","6566183864","174876700","94691500","1564514916","369362700","2893480","29593426","0","36915670","1125749640","8400266980"
"강릉원주대학교","국공립","강원","16454497140","15808507400","181444580","464545160","5854246610","2833921270","1030068030","507173000","0","0","1483084310","22308743750"
"강서대학교","사립","서울","3328486832","3174770332","42225000","111491500","1855000000","262636700","573694815","238507502","0","43939500","736221483","5183486832"
"강원관광대학교","사립","강원","1332112600","845322600","482790000","4000000","253899000","73850000","52000000","0","0","0","128049000","1586011600"
"강원대학교","국공립","강원","41865701809","37080248970","2787591340","1997861499","13070712636","4548543150","2812932150","3226232940","0","0","2483004396","54936414445"
"강원도립대학교","국공립","강원","1021070285","978544285","7526000","35000000","499607720","73352200","28745670","86129850","0","0","311380000","1520678005"
"거제대학교","사립","경남","2885826117","2855626117","3000000","27200000","867834648","124495500","237654400","47027648","0","60154000","398503100","3753660765"
"건국대학교","사립","서울","29980762265","26604268335","434129694","2942364236","20979742971","6545176832","9598000132","771408224","3405350","106106000","3955646433","50960505236"
"건국대학교(글로컬)","사립","충북","17966050452","17428493648","167169140","370387664","9209182521","2306359100","1798022800","431157012","0","114135000","4559508609","27175232973"
"건양대학교","사립","충남","16128856136","15626999996","9132440","492723700","8702241378","5173195930","1688172944","184969464","0","33563000","1622340040","24831097514"
"건양사이버대학교","사립","대전","6653776995","6645626495","2882500","5268000","1022004890","184550000","10189000","30288890","0","4870000","792107000","7675781885"
"경기과학기술대학교","사립","경기","12599793467","12387700538","54270080","157822849","4221650174","596880500","99198930","191535532","0","8937000","3325098212","16821443641"
"경기대학교","사립","경기","31460649319","30904994409","216207910","339447000","18099340599","7531619800","5000749798","814303600","0","83536000","4669131401","49559989918"
"경남과학기술대학교","국공립","경남","7572737622","7342689662","33428560","196619400","1936036578","763446930","448429430","348284248","18326700","0","357549270","9508774200"
"경남대학교","사립","경남","23446957887","23000570147","42846740","403541000","11502895716","4219456100","1121124370","728259756","39535000","141913400","5252607090","34949853603"
"경남도립거창대학","국공립","경남","1449842023","1418069563","2772460","29000000","782677132","184643000","83900000","95160132","0","0","418974000","2232519155"
"경남도립남해대학","국공립","경남","1657789970","1580179290","22210680","55400000","713078820","80573100","44488360","84341340","0","0","503676020","2370868790"
"경남정보대학교","사립","부산","19864176087","19618912807","43310280","201953000","4831593652","846490800","400626000","222563752","0","47981000","3313932100","24695769739"
"경동대학교","사립","강원","18002744007","17417265407","415343600","170135000","8177444220","693761900","2209929500","8400000","0","75046000","5190306820","26180188227"
"경민대학교","사립","경기","13818764407","13127156503","586682350","104925554","3503267922","451758000","364474000","272533452","15800000","3055000","2395647470","17322032329"
"경복대학교","사립","경기","18992899286","18860516686","45612300","86770300","6253557910","194749000","2402844000","404431364","0","16049000","3235484546","25246457196"
"경북과학대학교","사립","경북","4855007871","4848007871","0","7000000","2320789901","147351000","38774327","3154414","0","97938000","2033572160","7175797772"
"경북대학교","국공립","대구","45033696742","41995581412","61125980","2976989350","14988056600","6901994600","4070085340","1753948070","0","0","2262028590","60021753342"
"경북도립대학교","국공립","경북","1674266998","1647130998","4936000","22200000","867293332","101300000","69707500","88755792","0","0","607530040","2541560330"
"경북보건대학교","사립","경북","3565268064","3518085306","8592380","38590378","1162038134","357897200","235602380","124299344","0","0","444239210","4727306198"
"경북전문대학교","사립","경북","8485044180","8449392300","6516880","29135000","2280002940","409994000","2320000","111830990","0","32424000","1723433950","10765047120"
"경상국립대학교","국공립","경남","31821303592","30664005292","198544620","958753680","8409394832","3861367230","1714430900","1707913842","0","0","1125682860","40230698424"
"경성대학교","사립","부산","29426225777","28881408517","147004330","397812930","11285769402","4232496400","2377423800","431330872","40326300","70139000","4134053030","40711995179"
"경운대학교","사립","경북","12569043082","12380277362","138845720","49920000","6859027165","641926000","669983500","274978196","0","17845000","5254294469","19428070247"
"경인교육대학교","국공립","인천","3941834267","3644336917","143453400","154043950","2086323108","593894000","436601000","422357548","0","0","633470560","6028157375"
"경인여자대학교","사립","인천","12279550274","12236288274","1530000","41732000","3421436086","683485000","353190000","291255786","0","21118000","2072387300","15700986360"
"경일대학교","사립","경북","20856868004","20689257624","8030880","159579500","8389185356","2160935100","2040417160","351463486","0","32269000","3804100610","29246053360"
"경주대학교","사립","경북","630837407","619237407","0","11600000","1948353528","62418000","275744000","27159028","0","0","1583032500","2579190935"
"경희대학교","사립","서울","46690615650","43310114133","379633340","3000868177","34817485284","9223085908","13324400502","560974850","243387400","202696000","11262940624","81508100934"
"경희사이버대학교","사립","서울","12617164436","12576988436","5000000","35176000","5309210685","436452000","62961666","6623022","0","52800000","4750373997","17926375121"
"계명대학교","사립","대구","54934540456","54009173885","153699890","771666681","27071668942","11627885300","4272544200","1855773718","0","221371000","9094094724","82006209398"
"계명문화대학교","사립","대구","15876432458","15784929898","19562560","71940000","4802109852","437619140","323354600","453913502","0","20392000","3566830610","20678542310"
"계원예술대학교","사립","경기","7589267894","7513957894","9000000","66310000","2618658476","821180000","1001995600","412540076","0","0","382942800","10207926370"
"고구려대학교","사립","전남","2161303800","2158303800","0","3000000","2299874500","56030000","27600000","0","0","0","2216244500","4461178300"
"고려대학교","사립","서울","36599716418","27944991316","892313890","7762411212","29849494910","2358250700","9434905677","3880231891","433351900","419483000","13323271742","66449211328"
"고려대학교(세종)","사립","세종","12576774333","12182222818","53809320","340742195","9682612100","533452080","4186005000","959831140","0","139198000","3864125880","22259386433"
"고려사이버대학교","사립","서울","7647683121","7542129621","9274000","96279500","2603704654","418413000","103977000","3454054","0","33627000","2044233600","10251387775"
"고신대학교","사립","부산","10428530075","9839044235","31415240","558070600","3611910296","1268873500","481588140","308642664","0","123523000","1429282992","14040440371"
"공주교육대학교","국공립","충남","2153202020","2129097500","9984520","14120000","1033282890","347231000","131599000","274202890","0","0","280250000","3186484910"
"공주대학교","국공립","충남","25248376105","24689803735","215676950","342895420","7915224268","3817786000","1448623450","1111624950","20887450","0","1516302418","33163600373"
"광신대학교","사립","광주","1688818220","1664118220","0","24700000","487771980","7652000","108000","24691380","0","0","455320600","2176590200"
"광양보건대학교","사립","전남","10900000","10900000","0","0","20750000","0","0","0","0","0","20750000","31650000"
"광운대학교","사립","서울","15850508463","15395097703","68986260","386424500","10513421132","2953939500","2975257500","1327602782","0","21834800","3234786550","26363929595"
"광주과학기술원","국공립","광주","542310596","509920596","4030000","28360000","4021081510","187745000","80340000","5430964","0","0","3747565546","4563392106"
"광주교육대학교","국공립","광주","4399396300","3755967620","577020880","66407800","1002147020","215410000","140817000","367424020","0","0","278496000","5401543320"
"광주대학교","사립","광주","18922736498","18679354298","46662200","196720000","7236571952","1582364570","1012979100","159724272","21232000","96680000","4363592010","26159308450"
"광주보건대학교","사립","광주","10547357669","10483041269","10316400","54000000","1869935406","693697400","621745000","63520506","0","16036000","474936500","12417293075"
"광주여자대학교","사립","광주","12628630211","12437780111","37385600","153464500","4380736000","1153189160","803577570","305346320","0","963000","2117659950","17009366211"
"구미대학교","사립","경북","19217467109","19099456969","62026140","55984000","7949685766","303042500","32369660","504463116","0","23806000","7086004490","27167152875"
"국민대학교","사립","서울","35012849298","32222895918","568318910","2221634470","18938452542","4916183000","4442181000","1640862192","0","56792000","7882434350","53951301840"
"국제대학교","사립","경기","7464124207","7395534307","5967300","62622600","2367109113","341153500","496247500","150588563","0","41047000","1338072550","9831233320"
"국제사이버대학교","사립","경기","5679553000","5679553000","0","0","1502307000","208236000","480051000","0","0","182700000","631320000","7181860000"
"군산간호대학교","사립","전북","2903929504","2881429504","0","22500000","850000000","169808334","325066665","23065001","1260000","0","330800000","3753929504"
"군산대학교","국공립","전북","14132583285","13692220085","212769000","227594200","3990468950","1940799800","748778100","234849130","6642000","0","1059399920","18123052235"
"군장대학교","사립","전북","5157720621","5102820621","7600000","47300000","1311873122","73012500","52000000","16774872","0","26025000","1144060750","6469593743"
"극동대학교","사립","충북","8094487921","8034680921","7000000","52807000","3701262904","1073316100","996663400","315941204","0","49085200","1266257000","11795750825"
"글로벌사이버대학교","사립","충남","3394367008","3372376008","0","21991000","1021195252","7035000","11088000","6697252","0","13755000","982620000","4415562260"
"금강대학교","사립","충남","528370590","522688590","0","5682000","1079259338","789006000","0","43267960","0","0","246985378","1607629928"
"금오공과대학교","국공립","경북","12336499133","11830888803","24499980","481110350","2804535822","1049612020","704169270","342959722","176820","0","707617990","15141034955"
"기독간호대학교","사립","광주","1594921051","1579967923","0","14953128","372149471","142123000","122844763","11886862","0","0","95294846","1967070522"
"김천대학교","사립","경북","6514371373","6386279578","776880","127314915","4587553259","641582001","231056500","113706249","0","42768000","3558440509","11101924632"
"김포대학교","사립","경기","5723028548","5591284048","5100600","126643900","1654433662","192035500","500872600","26783862","0","15630000","919111700","7377462210"
"김해대학교","사립","경남","5377444986","5279854566","10590420","87000000","1230564624","262390000","4620000","120447624","0","1100000","842007000","6608009610"
"나사렛대학교","사립","충남","15335906892","15158856292","11100600","165950000","6025275598","2775402000","1500683360","306566188","0","49567000","1393057050","21361182490"
"남부대학교","사립","광주","7827415736","7756804486","2500000","68111250","3485499264","556758000","471298900","51603464","0","3971000","2401867900","11312915000"
"남서울대학교","사립","충남","23309010848","22989838618","59306130","259866100","13339958184","4410669150","5683587020","219971264","0","126957000","2898773750","36648969032"
"농협대학교","사립","경기","668999778","646427218","5128560","17444000","386412142","156032000","96738000","10606142","0","0","123036000","1055411920"
"단국대학교","사립","경기","49151842357","47759877507","155146740","1236818110","26101845792","2154722484","7065479427","503333458","0","264523000","16113787423","75253688149"
"대경대학교","사립","경북","11867333833","11821766253","13256680","32310900","5082280796","229920330","0","115594396","0","39237600","4697528470","16949614629"
"대구가톨릭대학교","사립","경북","33116088180","32729308250","53216930","333563000","12666328235","3456575925","529828300","1247607470","20600000","521090800","6890625740","45782416415"
"대구경북과학기술원","국공립","대구","147389610","147389610","0","0","1897796890","7030000","61200000","76081390","0","0","1753485500","2045186500"
"대구공업대학교","사립","대구","3814876408","3800376408","0","14500000","1929890642","108754000","1450000","88529512","0","25195000","1705962130","5744767050"
"대구과학대학교","사립","대구","15178092488","15123440328","3092160","51560000","4611547354","772252860","20572172","315365002","0","15366660","3487990660","19789639842"
"대구교육대학교","국공립","대구","2243574297","2117137297","21564000","104873000","1045701318","265166000","313427200","223001118","0","0","244107000","3289275615"
"대구대학교","사립","경북","51902509983","49768120575","511149710","1623239698","15110874833","8352595070","1754670500","1213819734","61346700","164051400","3564391429","67013384816"
"대구보건대학교","사립","대구","21221131590","21092021470","20110120","109000000","5012991816","1111976500","79002000","1107207316","0","53335800","2661470200","26234123406"
"대구사이버대학교","사립","경북","5350416000","5346816000","0","3600000","1119131948","112266000","12390000","13534448","0","8330000","972611500","6469547948"
"대구예술대학교","사립","경북","1618460544","1603721984","1438560","13300000","715277243","115351000","171723667","84508236","0","0","343694340","2333737787"
"대구한의대학교","사립","경북","19177284198","18535035438","245787380","396461380","7069184022","1215400760","423990480","560465602","27853200","57587000","4783886980","26246468220"
"대덕대학교","사립","대전","6023755339","5996348159","1827180","25580000","2438960566","321216870","610858810","75723916","0","28878400","1402282570","8462715905"
"대동대학교","사립","부산","4107708608","4032616508","15851840","59240260","1172106736","484396000","161331400","32426136","0","0","493953200","5279815344"
"대림대학교","사립","경기","19282613927","18929833227","6825200","345955500","6906021682","2327019600","1798064010","713132562","0","315799000","1752006510","26188635609"
"대신대학교","사립","경북","1979553360","1959473360","0","20080000","419621110","0","92540000","35319610","0","0","291761500","2399174470"
"대원대학교","사립","충북","6679249718","6276260138","369943280","33046300","1413463092","318656000","365526410","55929642","0","20657000","652694040","8092712810"
"대전가톨릭대학교","사립","세종","64265000","62265000","0","2000000","70240000","0","67240000","3000000","0","0","0","134505000"
"대전과학기술대학교","사립","대전","11361304850","11276085370","9622480","75597000","3256178620","297441670","448052000","71657020","0","13313000","2425714930","14617483470"
"대전대학교","사립","대전","21156354616","20898675836","10212480","247466300","11070452391","2510317000","2767701000","852402198","0","27589000","4912443193","32226807007"
"대전보건대학교","사립","대전","13556583335","13461342895","9971940","85268500","3515606985","1097498150","709062770","635363900","0","32018000","1041664165","17072190320"
"대전신학대학교","사립","대전","273974121","262337121","0","11637000","35716024","16055000","1200000","4072024","0","0","14389000","309690145"
"대진대학교","사립","경기","19797542227","19669788827","56316400","71437000","9389011917","1386752000","3133971500","305396388","0","92578000","4470314029","29186554144"
"덕성여자대학교","사립","서울","10608838666","10134349941","105177065","369311660","5606760892","2500782110","1194581676","240457212","0","0","1670939894","16215599558"
"동강대학교","사립","광주","7390930802","7370058802","6000000","14872000","1867049878","81890000","35351000","32924378","0","12454000","1704430500","9257980680"
"동국대학교","사립","서울","27720200335","25534470615","119155360","2066574360","17531147662","4074305500","3540442300","2297174270","1000000","81157000","7537068592","45251347997"
"동국대학교(WISE)","사립","경북","18255881677","17701706377","222137000","332038300","8943626485","2264772000","1657365530","363643155","38166000","98373000","4521306800","27199508162"
"동남보건대학교","사립","경기","11413938123","11298771149","16134800","99032174","4083760492","1575687200","1139510200","432976692","0","31127400","904459000","15497698615"
"동덕여자대학교","사립","서울","14413033417","14024615027","85686660","302731730","8679020362","3917242762","2415621160","680848730","0","13568000","1651739710","23092053779"
"동명대학교","사립","부산","22361060892","22081794022","96092670","183174200","7803793278","1464159560","520448410","314466978","0","118455510","5386262820","30164854170"
"동서대학교","사립","부산","27340861053","27081831693","67729360","191300000","9175989377","3435675150","2096736070","530242382","40225300","74549000","2998561475","36516850430"
"동서울대학교","사립","경기","14981941683","14739835283","5816400","236290000","4981305122","1278689000","1308020000","686118122","0","10280000","1698198000","19963246805"
"동신대학교","사립","전남","19002912708","18594192708","111900000","296820000","6842633582","236620670","410694090","322254112","20073000","140959500","5712032210","25845546290"
"동아대학교","사립","부산","48541449128","47365966523","211647005","963835600","18034648271","7563398680","6909115705","1013198079","0","210613400","2338322407","66576097399"
"동아방송예술대학교","사립","경기","9245441825","9097826425","66665400","80950000","2576829470","875972400","1006440960","102753510","0","23878400","567784200","11822271295"
"동아보건대학교","사립","전남","4157915729","4100876809","3638920","53400000","683507441","45333750","600000","11043868","0","17485000","609044823","4841423170"
"동양대학교","사립","경북","10515004185","9819289885","219588300","476126000","3848811721","898328800","609241250","117202760","0","16070000","2207968911","14363815906"
"동양미래대학교","사립","서울","16945531088","16658966688","97644400","188920000","5840000000","1302285250","1302971770","1548946072","0","91267000","1594529908","22785531088"
"동원과학기술대학교","사립","경남","7584779931","7290640931","97000000","197139000","1752202470","140987350","386367000","73424520","0","26450000","1124973600","9336982401"
"동원대학교","사립","경기","8835393744","8790874444","4463300","40056000","2478417570","297943500","0","132360636","11174900","179587100","1857351434","11313811314"
"동의과학대학교","사립","부산","14292621638","14171710110","44719280","76192248","3018876910","434428650","10679400","88866090","0","9735000","2475167770","17311498548"
"동의대학교","사립","부산","39120363530","38729024330","106533400","284805800","15685519166","5504416160","5407722440","1189144020","0","173998000","3410238546","54805882696"
"부산보건대학교","사립","부산","7717119255","7684879255","2700000","29540000","2106409316","628142600","35267000","72802236","0","44144000","1326053480","9823528571"
"두원공과대학교","사립","경기","6329856679","6206699879","8300000","114856800","1730128634","377733700","0","109298834","0","33145200","1209950900","8059985313"
"디지털서울문화예술대학교","사립","서울","4706259673","4703443673","2816000","0","1188511604","72623400","119548333","35548582","0","2833200","957958089","5894771277"
"루터대학교","사립","경기","1021723012","1019223012","0","2500000","309835838","21105000","82670000","31334028","0","0","174726810","1331558850"
"마산대학교","사립","경남","15301772570","15093591930","18952640","189228000","4627706330","991456660","582073320","382494000","0","38620000","2633062350","19929478900"
"명지대학교","사립","경기","29752355210","29252760810","139240400","360354000","16416628532","2904103500","3764739050","920188802","0","130379000","8697218180","46168983742"
"명지전문대학","사립","서울","20211668254","19979269144","116446560","115952550","5296145001","505327600","1801861090","914565676","0","210202570","1864188065","25507813255"
"목원대학교","사립","대전","19659471966","19488083046","52911920","118477000","9010146367","1826163160","2512197400","527511034","450409470","131892000","3561973303","28669618333"
"목포가톨릭대학교","사립","전남","1948094900","1784424900","0","163670000","490476070","395273320","35211000","4947950","0","0","55043800","2438570970"
"목포과학대학교","사립","전남","9253701818","8929066818","0","324635000","1444877760","95479500","13086750","236159670","0","101888500","998263340","10698579578"
"목포대학교","국공립","전남","18468414712","17548929010","467713280","451772422","3620431690","1428669970","707896980","718855040","0","0","765009700","22088846402"
"목포해양대학교","국공립","전남","4858630630","4431159850","37798780","389672000","1371295800","733264000","75976000","137059990","0","0","424995810","6229926430"
"문경대학교","사립","경북","3168334002","3060761522","85722480","21850000","655494908","144218000","374653200","31745408","0","6032000","98846300","3823828910"
"배재대학교","사립","대전","18942281939","18810956459","37040800","94284680","9048567166","1263794580","3309838420","514449396","455000","115364840","3844664930","27990849105"
"배화여자대학교","사립","서울","7138013165","7048089865","1050300","88873000","1835249484","763596000","492942840","100828050","0","5628000","472254594","8973262649"
"백석대학교","사립","충남","29914444514","29654832334","12531280","247080900","12251084426","4165567000","3803955000","258749806","0","188698000","3834114620","42165528940"
"백석문화대학교","사립","충남","12160272633","12050397633","10100000","99775000","3679987022","608359500","850348500","159638992","0","145648500","1915991530","15840259655"
"백제예술대학교","사립","전북","2957313233","2953313233","0","4000000","806626300","278398800","309002000","43050000","0","0","176175500","3763939533"
"부경대학교","국공립","부산","33036880946","31529438625","107467410","1399974911","9876814900","3183755660","2458923660","1776576100","0","0","2457559480","42913695846"
"부산가톨릭대학교","사립","부산","13070428644","12906880524","36793120","126755000","4093770068","1130582334","964956000","359324734","0","24383000","1614524000","17164198712"
"부산경상대학교","사립","부산","11431399343","11398026503","7562840","25810000","3086968002","66251850","2247200","151020052","3964900","37864000","2825620000","14518367345"
"부산과학기술대학교","사립","부산","9660556060","9512471180","27484880","120600000","3043065686","507964000","14335000","67163886","0","32086000","2421516800","12703621746"
"부산교육대학교","국공립","부산","2442918543","2104805143","184335400","153778000","908698152","421848000","108414000","172801152","0","0","205635000","3351616695"
"부산대학교","국공립","부산","39459690937","36080650047","1008221310","2370819580","15836550728","6035027000","5985937820","1603041028","0","0","2212544880","55296241665"
"부산디지털대학교","사립","부산","4130635798","4120097238","0","10538560","624940303","34328000","27072500","3135468","0","0","560404335","4755576101"
"부산여자대학교","사립","부산","6856748543","6782479263","2214880","72054400","1787917448","189312600","390567200","179538128","0","12476000","1016023520","8644665991"
"부산예술대학교","사립","부산","2105642436","2081163436","0","24479000","598521032","54820000","13250000","20732582","0","0","509718450","2704163468"
"부산외국어대학교","사립","부산","14944406733","14715901853","33178880","195326000","6654947077","1043986000","1331652600","841941110","239000","65508000","3371620367","21599353810"
"부산장신대학교","사립","경남","661210761","625810761","0","35400000","147436234","38147000","270000","15362234","0","13552000","80105000","808646995"
"부천대학교","사립","경기","23850373166","23755129356","10819880","84423930","7411253006","1689348380","2246468280","680751606","0","55355300","2739329440","31261626172"
"사이버한국외국어대학교","사립","서울","6703794000","6680658000","3770000","19366000","2156550333","153310000","63412000","0","0","16440000","1923388333","8860344333"
"삼육대학교","사립","서울","14192238046","13489174356","270258065","432805625","7443200938","1239860150","1979385720","1396958708","25009000","228116900","2573870460","21635438984"
"삼육보건대학교","사립","서울","3018343475","2978323575","3966400","36053500","1178565940","359470900","247580600","183282540","0","8607000","379624900","4196909415"
"상명대학교","사립","서울","26823021607","26388785807","79254780","354981020","16642887012","6437066033","5102719972","1240634797","0","115576000","3746890210","43465908619"
"상지대학교","사립","강원","13674233382","12914879512","353868220","405485650","6417794354","868770100","1292623900","115018408","0","176700200","3964681746","20092027736"
"상지영서대학교","사립","강원","87412000","81652000","1760000","4000000","22709000","1400000","0","0","0","0","21309000","110121000"
"서강대학교","사립","서울","13219095853","10785411833","123255220","2310428800","8907083205","766461000","5083403570","1853849029","0","28683000","1174686606","22126179058"
"서경대학교","사립","서울","13704604811","13599330651","25370160","79904000","8614214277","1812351133","3500610920","883396012","0","1350000","2416506212","22318819088"
"서라벌대학교","사립","경북","1670781620","1640081620","0","30700000","502513950","87257000","44616500","22873950","0","0","347766500","2173295570"
"서영대학교","사립","광주","16009175435","15948845435","1500000","58830000","2902152789","505346000","28175334","118524480","0","16680000","2233426975","18911328224"
"서울과학기술대학교","국공립","서울","19893328013","19160438296","117293480","615596237","11254950094","2260015210","1861333510","1720973354","0","0","5412628020","31148278107"
"서울교육대학교","국공립","서울","1896570438","1687264438","51747000","157559000","810055764","243925000","127054000","148313834","0","0","290762930","2706626202"
"서울기독대학교","사립","서울","1068083443","960595083","2795400","104692960","305331574","119230000","98176400","50070874","0","0","37854300","1373415017"
"서울대학교","국공립","서울","33037513364","20689997926","138823100","12208692338","17459989964","105740000","4497567100","4026109794","0","0","8830573070","50497503328"
"서울디지털대학교","사립","서울","11439624750","11436377350","3247400","0","4892458050","675184800","90555300","0","0","54936000","4071781950","16332082800"
"서울사이버대학교","사립","서울","18884591400","18849751920","17999880","16839600","8980525766","762324750","99072200","0","0","12636000","8106492816","27865117166"
"서울시립대학교","국공립","서울","12196130495","11018724555","34237370","1143168570","5653568986","1278337800","1187233750","2005203450","0","0","1182793986","17849699481"
"서울신학대학교","사립","경기","8046682682","7906749582","2600600","137332500","2460277848","308738700","1242515570","248996818","0","13014000","647012760","10506960530"
"서울여자간호대학교","사립","서울","1692169824","1654401424","35000000","2768400","907526960","296322000","220365000","51636760","0","0","339203200","2599696784"
"서울여자대학교","사립","서울","16314133235","15610111835","160214780","543806620","8300570784","1742762950","4432104500","584592485","0","39666000","1501444849","24614704019"
"서울예술대학교","사립","경기","8063213888","7795343888","87060000","180810000","3692655812","997726000","1244231500","680182912","0","0","770515400","11755869700"
"서울장신대학교","사립","경기","1369231937","1338301937","0","30930000","573462784","113673832","114044000","83155052","0","13820000","248769900","1942694721"
"서울한영대학교","사립","서울","2144890360","2097637560","6444500","40808300","513647010","101229640","140143600","73420530","0","4925700","193927540","2658537370"
"서원대학교","사립","충북","18265548802","17719178442","237220260","309150100","7599030991","1568859200","742242293","1011904788","0","75333000","4200691710","25864579793"
"서일대학교","사립","서울","15500938627","15373378397","10816400","116743830","5082688723","1828047970","2071836320","405325813","500000","20129000","756849620","20583627350"
"서정대학교","사립","경기","18876630777","18826319277","18515500","31796000","7924185732","246838600","31751000","535629363","0","38166250","7071800519","26800816509"
"선린대학교","사립","경북","6240658103","6186658103","0","54000000","1514271888","307558800","336891800","75957988","0","25006000","768857300","7754929991"
"선문대학교","사립","충남","26535724747","24098603212","108151920","2328969615","12442097281","1464533500","3027733460","596747612","0","229329000","7123753709","38977822028"
"성결대학교","사립","경기","12027697477","11908906277","34661200","84130000","6007798505","2587805118","553635100","655605334","3000000","32853000","2174899953","18035495982"
"성공회대학교","사립","서울","5626357132","5538534102","59604280","28218750","2254269138","571358350","1046203090","96458738","0","16747600","523501360","7880626270"
"성균관대학교","사립","서울","29562817512","25039205982","174514710","4349096820","28987606385","9440796200","6568542550","2004076107","0","0","10974191528","58550423897"
"성신여자대학교","사립","서울","19027274851","18305180821","210243800","511850230","13109671763","6487048500","3858309500","819813363","0","9412000","1935088400","32136946614"
"성운대학교","사립","경북","5330886351","5314795451","0","16090900","1211024424","0","0","4905624","0","0","1206118800","6541910775"
"세경대학교","사립","강원","3503387690","3009944690","257405000","236038000","545813190","76265500","148407880","27618460","0","5320250","288201100","4049200880"
"세명대학교","사립","충북","20370060538","18745070658","1371631480","253358400","8257489322","2393847950","446072900","550085752","0","107116750","4760365970","28627549860"
"세종대학교","사립","서울","21348941003","20824060653","7000000","517880350","16221758352","2789413500","7670018200","936536722","88327000","30062000","4707400930","37570699355"
"세종사이버대학교","사립","서울","15436900748","15418208748","5880000","12812000","4205364734","102146667","7080000","32951060","0","72240000","3990947007","19642265482"
"세한대학교","사립","전남","8969327377","8807419377","1508000","160400000","2589301636","428533400","269213000","79393936","0","9844000","1802317300","11558629013"
"송곡대학교","사립","강원","1791474871","1713859871","73365000","4250000","713862394","134838800","21132000","67586644","0","0","490304950","2505337265"
"송원대학교","사립","광주","9001693871","8930593871","4500000","66600000","3376346644","265788750","0","115138224","0","101442310","2893977360","12378040515"
"송호대학교","사립","강원","2308022792","2187320292","82902500","37800000","516536061","114854000","0","46636640","0","14680866","340364555","2824558853"
"수성대학교","사립","대구","10912615863","10839547863","0","73068000","3603964432","640511000","56222000","91446832","0","14650000","2801134600","14516580295"
"수원가톨릭대학교","사립","경기","532821550","232217550","0","300604000","520779450","28543200","27500000","0","0","0","464736250","1053601000"
"수원과학대학교","사립","경기","9079678868","8944848468","7505400","127325000","3202666286","1154441000","350298900","105363886","0","29393000","1563169500","12282345154"
"수원대학교","사립","경기","18165114536","17974135256","19604280","171375000","12625976464","6417733000","3946934000","407316464","0","19682000","1834311000","30791091000"
"수원여자대학교","사립","경기","9415461078","9361158118","4572960","49730000","3801313198","747752667","1697568781","449123820","0","23904000","882963930","13216774276"
"숙명여자대학교","사립","서울","20204822825","18634797835","102503080","1467521910","13965834318","5584630000","4260658070","1401364316","0","27767000","2691414932","34170657143"
"순복음총회신학교","사립","충북","436915000","436915000","0","0","102750000","5400000","0","0","0","0","97350000","539665000"
"순천대학교","국공립","전남","14622109036","14165403066","174723160","281982810","3965946329","1755559500","1333078000","298039479","16900000","0","562369350","18588055365"
"순천제일대학교","사립","전남","7500508846","7461008846","0","39500000","1838582180","228898000","2865000","67543180","0","40216000","1499060000","9339091026"
"순천향대학교","사립","충남","27853554137","26997495380","22973600","833085157","15558064170","4933229380","3953286230","655004060","62900050","156212000","5797432450","43411618307"
"숭실대학교","사립","서울","29301525156","26630755304","440970630","2229799222","14164269656","3338774600","2177360720","1110621976","65094230","33651000","7438767130","43465794812"
"숭실사이버대학교","사립","서울","8970719223","8959299170","3940000","7480053","4409972947","231554000","1222881000","0","0","142880000","2812657947","13380692170"
"숭의여자대학교","사립","서울","8634942161","8562798661","16558500","55585000","2762389724","863018270","795653620","485443784","12425000","0","605849050","11397331885"
"신구대학교","사립","경기","16798247028","16635974528","8302800","153969700","5650550262","1163067900","2357574900","602105662","19616200","73039400","1435146200","22448797290"
"신라대학교","사립","부산","21171471615","20906561865","65987000","198922750","7251294127","1948302750","1687233320","382826400","0","42372350","3190559307","28422765742"
"신성대학교","사립","충남","8991879118","8802275358","6053760","183550000","2403476332","293886500","484601500","106380522","0","41805000","1476802810","11395355450"
"신안산대학교","사립","경기","7487578030","7282713930","86214100","118650000","1959390760","325019000","11535000","15856260","0","17666000","1589314500","9446968790"
"신한대학교","사립","경기","18447897319","17121248319","1124416400","202232600","8234415496","2388990000","2435505410","328420846","0","93500000","2987999240","26682312815"
"아신대학교","사립","경기","1663213549","1610688049","0","52525500","375531398","89194000","27162000","95148398","25478000","0","138549000","2038744947"
"아주대학교","사립","경기","19430043156","18189793046","43261960","1196988150","12050809347","3886133105","2656321460","1613440010","0","55784000","3839130772","31480852503"
"아주자동차대학교","사립","충남","1489546540","1437423540","41123000","11000000","562279050","216388200","98971200","45979310","0","0","200940340","2051825590"
"안동과학대학교","사립","경북","6479182903","6389777583","5213720","84191600","1920403172","472621250","11860000","65853752","0","54133100","1315935070","8399586075"
"안동대학교","국공립","경북","13436987061","12873838841","187337020","375811200","3017001294","1668790020","757852660","286824814","0","0","303533800","16453988355"
"안산대학교","사립","경기","11677456519","11507585119","57361350","112510050","3553636431","1011196050","1126130260","36175864","0","17776350","1362357907","15231092950"
"안양대학교","사립","경기","11418245109","11305669109","21034600","91541400","5338844838","2297116350","760810133","741123708","1740200","91969000","1446085447","16757089947"
"여주대학교","사립","경기","11544158847","10758362547","8746300","777050000","2710807330","597783700","834510600","26623880","0","99466000","1152423150","14254966177"
"연성대학교","사립","경기","17346864209","17063073719","118851490","164939000","5496914362","856260000","1560878000","419731682","41000000","28926000","2590118680","22843778571"
"연세대학교","사립","서울","35132481903","29642519763","318693880","5171268260","33143002842","10253048080","15133481547","2175644086","81334500","753463700","4746030929","68275484745"
"연세대학교(미래)","사립","강원","14447480457","13588735307","188493076","670252074","9437584552","2386634534","2165996620","1065399248","383700000","69537000","3366317150","23885065009"
"연암공과대학교","사립","경남","3220285897","3185956897","11179000","23150000","1085802355","501630000","342407200","40057855","0","3404000","198303300","4306088252"
"연암대학교","사립","충남","4324801820","4237082540","3719280","84000000","826672690","313348000","264600000","113120410","0","5780000","129824280","5151474510"
"영남대학교","사립","경북","55679010200","54010997840","132613260","1535399100","22210657605","10259596300","5847527650","647894575","0","336805800","5118833280","77889667805"
"영남신학대학교","사립","경북","1524638313","1490038313","0","34600000","402462172","19577000","146986000","30744172","0","1258000","203897000","1927100485"
"영남외국어대학","사립","경북","71681093","68043093","1438000","2200000","749115862","69219000","182550000","7455362","0","0","489891500","820796955"
"영남이공대학교","사립","대구","16254690709","16149856181","2877120","101957408","6075938067","595945000","69609000","507448374","0","18297000","4884638693","22330628776"
"영산대학교","사립","경남","16236803264","15987716774","156005330","93081160","6215182006","523272200","2226659040","74391706","1800000","202535200","3186523860","22451985270"
"영산선학대학교","사립","전남","41200000","0","0","41200000","74000000","0","0","0","0","0","74000000","115200000"
"영진사이버대학교","사립","대구","6697658666","6693869000","0","3789666","1141049234","154228000","75918000","0","0","12600000","898303234","7838707900"
"영진전문대학교","사립","대구","21775500123","21576403943","786480","198309700","6899876564","1648421844","113355500","383021560","0","109761000","4645316660","28675376687"
"예수대학교","사립","전북","1566918718","1536768718","0","30150000","414235392","151322000","129872000","11191392","0","0","121850000","1981154110"
"예원예술대학교","사립","전북","2140911180","2107059580","3000000","30851600","2515372476","267173500","122430000","18568976","0","0","2107200000","4656283656"
"오산대학교","사립","경기","10787030924","10732970524","4284400","49776000","3186379406","1844491570","6738000","26915396","0","55817430","1252417010","13973410330"
"용인대학교","사립","경기","14394528302","14045826152","91410350","257291800","5637831288","1867604000","1398295000","152541788","9349000","103582000","2106459500","20032359590"
"용인예술과학대학교","사립","경기","7521798712","7413308002","63870710","44620000","2149708808","727710240","123660450","52214978","0","99709000","1146414140","9671507520"
"우석대학교","사립","전북","18204168414","17916614584","44447250","243106580","6003897669","1118374750","1954001940","214471229","0","113904000","2603145750","24208066083"
"우송대학교","사립","대전","24247325829","23984516769","93984690","168824370","13836587552","6792234140","941678490","3840406241","10428600","18994200","2232845881","38083913381"
"우송정보대학","사립","대전","10910756905","10768576385","3517520","138663000","2491568575","310773350","0","79734190","0","0","2101061035","13402325480"
"울산과학기술원","국공립","울산","3684999520","3073952603","409654000","201392917","7183694734","5258055000","66888000","33819129","0","0","1824932605","10868694254"
"울산과학대학교","사립","울산","12666826407","12068626407","50500000","547700000","3524930708","825423000","1002235340","199401748","0","57755000","1440115620","16191757115"
"울산대학교","사립","울산","28276841301","23878536382","366519670","4031785249","8510500870","3558888320","1688609860","797567556","0","198595200","2266839934","36787342171"
"원광대학교","사립","전북","35415882326","34291734084","334166830","789981412","14784524650","2698288002","4886149321","327558002","0","357129417","6515399908","50200406976"
"원광디지털대학교","사립","전북","8582302922","8575002922","0","7300000","2318083134","176244000","340747500","10642634","0","39096000","1751353000","10900386056"
"원광보건대학교","사립","전북","14672596089","14208631789","383625500","80338800","3096155793","776985600","430446450","159069493","0","45481000","1684173250","17768751882"
"위덕대학교","사립","경북","7570223382","7358916002","145491380","65816000","4361366773","566370700","16274000","44004706","0","83080000","3651637367","11931590155"
"유원대학교","사립","충북","9752907144","9668873144","18800000","65234000","5535336256","820924000","24735000","80168956","0","70475000","4539033300","15288243400"
"유한대학교","사립","경기","13412113266","13119837206","12355560","279920500","3628909970","1446354000","1351162700","526348940","18800000","17511000","268733330","17041023236"
"을지대학교","사립","대전","9754151575","9252238715","286065960","215846900","7108564115","2013563200","3745928520","326560395","0","8460900","1014051100","16862715690"
"이화여자대학교","사립","서울","25472300773","21635351365","295379200","3541570208","25715286585","7760643790","12307661765","584908560","0","105022000","4957050470","51187587358"
"인덕대학교","사립","서울","17489187967","17245379867","65280100","178528000","4427188900","850058900","2370896100","513078900","0","136320950","556834050","21916376867"
"인제대학교","사립","경남","20891402403","20153857383","64137200","673407820","8966536321","2306160900","2933601170","591890074","37374592","81890100","3015619485","29857938724"
"인천가톨릭대학교","사립","인천","1616032797","1498106547","6026750","111899500","892580848","258747750","93540000","41818802","0","0","498474296","2508613645"
"인천대학교","국공립","인천","26144794985","25386202501","76244780","682347704","10576123644","3776064501","2685905890","2041006638","719400","0","2072427215","36720918629"
"인천재능대학교","사립","인천","10274423526","10223737246","8013800","42672480","3123494274","518070000","904744340","93740024","0","60320600","1546619310","13397917800"
"인하공업전문대학","사립","인천","18798737990","18675749920","47718070","75270000","7063425302","1413391140","1635266370","1383134972","0","6640000","2624992820","25862163292"
"인하대학교","사립","인천","36747077151","34434296536","195595610","2117185005","20112633117","5660237400","5261217800","3070685327","0","180060000","5940432590","56859710268"
"장로회신학대학교","사립","서울","2092373680","1986300680","6000000","100073000","503072440","175625300","146541600","80991440","0","0","99914100","2595446120"
"장안대학교","사립","경기","8198426212","8170749212","0","27677000","3109312178","809791000","317418000","34421938","10200000","9846000","1927635240","11307738390"
"전남과학대학교","사립","전남","11945475082","11890375082","3000000","52100000","2284657458","122400000","398600000","110508968","0","105010000","1548138490","14230132540"
"전남대학교","국공립","광주","40165646639","38033591209","65197240","2066858190","12082371998","6150780810","3297897360","638283968","0","0","1995409860","52248018637"
"전남도립대학교","국공립","전남","1639274600","1560282600","21500000","57492000","635423205","115555000","1000000","34064205","0","0","484804000","2274697805"
"전북과학대학교","사립","전북","5515813518","5485653518","0","30160000","1531786002","196017000","138936000","84547192","0","74039000","1038246810","7047599520"
"전북대학교","국공립","전북","36181145503","34351535543","372101960","1457508000","12720264710","4767599750","4001777200","1677322090","37693100","0","2235872570","48901410213"
"전주교육대학교","국공립","전북","1329578660","1275807160","7153500","46618000","430976000","232282000","90121400","11808600","0","0","96764000","1760554660"
"전주기전대학","사립","전북","6218309290","6171219290","2254000","44836000","1762890525","82950000","5980000","145514265","0","60156500","1468289760","7981199815"
"전주대학교","사립","전북","32718045402","31304748782","678645140","734651480","11094567633","1460470500","3087411635","1095967748","12928175","65848500","5371941075","43812613035"
"전주비전대학교","사립","전북","10567318687","10459366427","2000000","105952260","2344026848","240598350","0","59351738","6600000","35160000","2002316760","12911345535"
"제주관광대학교","사립","제주","5116685087","5060935087","650000","55100000","952000000","108244550","0","65428818","0","11586000","766740632","6068685087"
"제주국제대학교","사립","제주","603722037","557234037","2000000","44488000","1067480478","125662000","63624000","20404228","0","18996000","838794250","1671202515"
"제주대학교","국공립","제주","19479259861","18280748101","376769120","821742640","5819789464","1964738200","1582302600","1134207224","0","0","1138541440","25299049325"
"제주한라대학교","사립","제주","12233314710","12073877950","68936760","90500000","2614760825","565247010","231514340","234038810","0","74689000","1509271665","14848075535"
"조선간호대학교","사립","광주","1750563678","1737416678","3147000","10000000","427496542","192709600","168489000","1613692","0","0","64684250","2178060220"
"조선대학교","사립","광주","47627319896","46910124796","21090300","696104800","18984750973","6688450450","6162406490","444491784","78553010","294755200","5316094039","66612070869"
"조선이공대학교","사립","광주","8079820169","8058820169","4500000","16500000","1787508190","173560500","9350000","48357690","0","11566000","1544674000","9867328359"
"중부대학교","사립","충남","19095234140","18974455440","18535700","102243000","9821097720","2461706500","2881354360","1038817700","4000000","64724000","3370495160","28916331860"
"중앙대학교","사립","서울","44446198528","40502751210","367924300","3575523018","29957444542","9308987000","12167906820","1782267640","0","172461000","6525822082","74403643070"
"중앙승가대학교","사립","경기","320798680","116746680","0","204052000","32940000","8850000","0","0","0","0","24090000","353738680"
"중원대학교","사립","충북","7018842364","6960413024","24984940","33444400","9563105280","1239055500","31993000","75714120","0","31100000","8185242660","16581947644"
"진주교육대학교","국공립","경남","2477931361","2371655761","8687000","97588600","984072484","261193400","218671900","93609184","0","0","410598000","3462003845"
"진주보건대학교","사립","경남","8052593530","7979703370","7390160","65500000","2241725440","403049900","347542300","56933240","0","30020000","1404180000","10294318970"
"차의과학대학교","사립","경기","6024573019","5914447439","15904560","94221020","2953713478","472643120","1180497160","154658356","0","0","1145914842","8978286497"
"창신대학교","사립","경남","6009388297","5061487940","10543560","937356797","1612986674","367562200","502812900","110495804","0","6500000","625615770","7622374971"
"창원대학교","국공립","경남","15866975634","15281098354","29173900","556703380","5377225226","1662818800","1612773300","1092419286","0","0","1009213840","21244200860"
"창원문성대학교","사립","경남","4613026262","4568656262","8220000","36150000","1200809328","383390000","3600000","51552328","0","3620000","758647000","5813835590"
"청강문화산업대학교","사립","경기","11329217719","10897012107","17772760","414432852","2577509537","673570400","1271574747","371579390","0","7300000","253485000","13906727256"
"청암대학교","사립","전남","6514137081","6437201081","0","76936000","1757419484","450624700","41839000","60380954","0","9029300","1195545530","8271556565"
"청운대학교","사립","충남","19832105977","19712834097","6395880","112876000","7117279809","1205983820","937791665","301678746","37260000","77321500","4557244078","26949385786"
"청주교육대학교","국공립","충북","1382852004","1202797004","17100000","162955000","636754456","196820000","189686000","75393456","0","0","174855000","2019606460"
"청주대학교","사립","충북","23682923958","23269151198","56996260","356776500","15029227720","6603685340","4797709470","333068660","0","182929500","3111834750","38712151678"
"초당대학교","사립","전남","8222177885","8013397885","0","208780000","4194734740","300464920","130444000","60361720","0","44260980","3659203120","12416912625"
"총신대학교","사립","서울","4826408848","4516869848","36500000","273039000","1587729242","372468200","501001500","277163342","175105300","22066000","239924900","6414138090"
"추계예술대학교","사립","서울","2529528480","2474516480","20049000","34963000","1136975160","423332000","389429000","74042000","101869660","0","148302500","3666503640"
"춘천교육대학교","국공립","강원","2196936438","2145816438","6000000","45120000","614564222","289940000","165565000","133649222","0","0","25410000","2811500660"
"춘해보건대학교","사립","울산","7987670564","7797535564","100000000","90135000","1789225325","737665000","527101499","155102826","0","3666000","365690000","9776895889"
"충남대학교","국공립","대전","28087414555","26831587895","90999220","1164827440","12317615615","5769514700","3003731130","1300081965","0","0","2244287820","40405030170"
"충남도립대학교","국공립","충남","1976513361","1652306361","300034000","24173000","1115029014","138090500","194771500","101122774","0","0","681044240","3091542375"
"충북대학교","국공립","충북","26570093739","25363954939","108593230","1097545570","11278086245","4595690860","1931177070","2441512395","0","8232000","2301473920","37848179984"
"충북도립대학교","국공립","충북","1207503320","997007150","177072960","33423210","448898550","152569250","47739280","20055820","0","0","228534200","1656401870"
"충북보건과학대학교","사립","충북","6476459267","6415539747","7619520","53300000","1929059938","401829540","471753060","53261158","0","46199000","956017180","8405519205"
"충청대학교","사립","충북","9173348652","9066499692","15918960","90930000","2756661120","434553290","820632615","189663855","0","27962000","1283849360","11930009772"
"칼빈대학교","사립","경기","926267362","884332362","1395000","40540000","1067165078","42110000","0","53535278","0","10620000","960899800","1993432440"
"평택대학교","사립","경기","7856177603","7725997603","9500000","120680000","4096491206","1210968000","975074000","182744106","9000000","78128000","1640577100","11952668809"
"포항공과대학교","사립","경북","4037823627","3688230827","0","349592800","4266073808","90200000","89550000","466586468","2000000","0","3617737340","8303897435"
"포항대학교","사립","경북","5137256081","4977507081","83049000","76700000","1087536160","161410000","1710000","81892496","0","3114000","839409664","6224792241"
"한경국립대학교","국공립","경기","9510734058","9389305348","88513590","32915120","3706120012","1655732850","487295490","973655152","0","0","589436520","13216854070"
"한국골프대학교","사립","강원","1372924500","1296454500","44570000","31900000","634263100","89885500","325000","6900000","0","0","537152600","2007187600"
"한국공학대학교","사립","경기","14745297527","14322056487","40607360","382633680","9718587647","3605099519","1825745000","815379428","0","30663000","3441700700","24463885174"
"한국과학기술원","국공립","대전","4961216172","4752846172","12500000","195870000","20751926170","3901706600","221488000","195481480","0","0","16433250090","25713142342"
"한국관광대학교","사립","경기","4569463038","4553145218","2100600","14217220","1546498776","162929300","174663134","55787758","0","6559000","1146559584","6115961814"
"한국교원대학교","국공립","충북","3960790428","3744759218","23645810","192385400","1832523052","311288500","462072840","907818232","0","0","151343480","5793313480"
"한국교통대학교","국공립","충북","16844157461","16591627661","64972150","187557650","6071839554","3573412950","377255000","1080320244","0","0","1040851360","22915997015"
"한국국제대학교","사립","경남","618486879","597186879","17300000","4000000","1154881046","198691000","348000","1619876","0","2724000","951498170","1773367925"
"한국기술교육대학교","사립","충남","7498975571","7413629341","4206350","81139880","6081062838","2192235160","161872500","2003141978","0","9850200","1713963000","13580038409"
"한국농수산대학교","국공립","전북","175087500","175087500","0","0","284613840","37000000","0","184271720","0","0","63342120","459701340"
"한국방송통신대학교","국공립","서울","14286127074","14047857284","11862130","226407660","8182355185","3502246915","662581920","1218197580","0","0","2799328770","22468482259"
"한국복지대학교","국공립","경기","1310229717","1306970167","1000000","2259550","323921036","43233590","50450000","107932746","0","0","122304700","1634150753"
"한국복지사이버대학","사립","경북","3597045000","3597045000","0","0","1879512000","89100000","24045000","0","0","1260000","1765107000","5476557000"
"한국성서대학교","사립","서울","3060002437","2960755637","42000000","57246800","1182467900","263449000","100499000","289944500","0","3176000","525399400","4242470337"
"한국승강기대학교","사립","경남","1956488620","1931485870","2706750","22296000","769379972","240974000","251253000","15656272","0","0","261496700","2725868592"
"한국에너지공과대학교","국공립","전남","0","0","0","0","1681500000","0","0","0","0","0","1681500000","1681500000"
"한국열린사이버대학교","사립","서울","6762642250","6758991250","3651000","0","3489911250","237786200","140407930","0","0","67932700","3043784420","10252553500"
"한국영상대학교","사립","세종","9852075757","9735067277","4396680","112611800","2545769056","830373600","669356680","281070116","0","6300000","758668660","12397844813"
"한국예술종합학교","국공립","서울","4101594117","3710406397","22000000","369187720","1453804033","971398000","8670000","365790033","0","0","107946000","5555398150"
"한국외국어대학교","사립","서울","28761237688","26385548788","345594690","2030094210","15395055923","3934482750","6072994254","737767044","0","57680500","4592131375","44156293611"
"한국전통문화대학교(일반)","국공립","충남","802861255","773861255","0","29000000","881416360","518796500","10500000","32629560","0","0","319490300","1684277615"
"한국체육대학교","국공립","서울","4783976389","4555852889","30285500","197838000","2404631566","2026784000","193617000","44230566","0","0","140000000","7188607955"
"한국침례신학대학교","사립","대전","5633333019","5308123134","0","325209885","618897675","91893500","284668883","80272472","0","15806600","146256220","6252230694"
"한국폴리텍 I 대학 서울강서캠퍼스","사립","서울","525642320","513348320","1247000","11047000","118593000","53621000","22893000","33350000","0","1247000","7482000","644235320"
"한국폴리텍 I 대학 서울정수캠퍼스","사립","서울","1347521738","1315079738","1247000","31195000","297896910","101007000","107356000","67607500","0","7482000","14444410","1645418648"
"한국폴리텍 I 대학 성남캠퍼스","사립","경기","687878660","667962660","2216000","17700000","163182000","64448000","34048000","54350000","0","4864000","5472000","851060660"
"한국폴리텍 I 대학 제주캠퍼스","사립","제주","50690000","48090000","0","2600000","10938000","5410000","4328000","1200000","0","0","0","61628000"
"한국폴리텍 II 대학 남인천캠퍼스","사립","인천","68286000","46139000","0","22147000","14964000","11223000","3741000","0","0","0","0","83250000"
"한국폴리텍 II 대학 인천캠퍼스","사립","인천","2234159200","2137078200","1247000","95834000","423168950","162110000","36536700","172460000","0","2494000","49568250","2657328150"
"한국폴리텍 III 대학 강릉캠퍼스","사립","강원","182869000","173159000","0","9710000","33693580","11342000","6541300","4424280","0","1315500","10070500","216562580"
"한국폴리텍 III 대학 원주캠퍼스","사립","강원","120778000","102178000","0","18600000","16315000","2174000","7728000","473000","0","0","5940000","137093000"
"한국폴리텍 III 대학 춘천캠퍼스","사립","강원","324764000","296704000","2000000","26060000","59356000","34048000","4864000","16188000","0","0","4256000","384120000"
"한국폴리텍 IV 대학 대전캠퍼스","사립","대전","982416067","939359987","6296080","36760000","186807673","66880000","26717000","77200000","0","4864000","11146673","1169223740"
"한국폴리텍 IV 대학 아산캠퍼스","사립","충남","521326494","494286494","0","27040000","105152000","51072000","11400000","36600000","0","4864000","1216000","626478494"
"한국폴리텍 IV 대학 청주캠퍼스","사립","충북","889749330","874149330","0","15600000","171515000","59584000","4864000","95819000","0","4864000","6384000","1061264330"
"한국폴리텍 IV 대학 홍성캠퍼스","사립","충남","216538000","181776000","24132000","10630000","40486000","24886000","0","15600000","0","0","0","257024000"
"한국폴리텍 V 대학 광주캠퍼스","사립","광주","1035428600","1006976000","1200000","27252600","174892500","70528000","30912500","58252000","0","2432000","12768000","1210321100"
"한국폴리텍 V 대학 익산캠퍼스","사립","전북","134372500","131772500","0","2600000","25940000","17024000","7700000","0","0","1216000","0","160312500"
"한국폴리텍 V 대학 전남캠퍼스","사립","전남","215646600","203088000","816600","11742000","34818000","20558000","9632000","300000","0","0","4328000","250464600"
"한국폴리텍 V 대학 전북캠퍼스","사립","전북","503557834","487255834","0","16302000","100856000","44099000","35449500","3900000","0","2321000","15086500","604413834"
"한국폴리텍 VI 대학 구미캠퍼스","사립","경북","642671894","623613334","4858560","14200000","138640000","46208000","36000000","20560000","0","2432000","33440000","781311894"
"한국폴리텍 VI 대학 대구캠퍼스","사립","대구","664647667","621287667","0","43360000","121012080","52288000","26766000","39526080","0","2432000","0","785659747"
"한국폴리텍 VI 대학 영남융합기술캠퍼스","사립","대구","211726000","192736000","0","18990000","54492000","30400000","16586000","5682000","0","0","1824000","266218000"
"한국폴리텍 VI 대학 영주캠퍼스","사립","경북","70002000","62902000","5000000","2100000","10488000","4328000","3180000","2980000","0","0","0","80490000"
"한국폴리텍 VII 대학 부산캠퍼스","사립","부산","1093321217","1057805217","2216000","33300000","197765494","69312000","28811500","68498480","0","6080000","25063514","1291086711"
"한국폴리텍 VII 대학 울산캠퍼스","사립","울산","783853334","689877334","44500000","49476000","170446000","57152000","22504000","77414000","0","2432000","10944000","954299334"
"한국폴리텍 VII 대학 창원캠퍼스","사립","경남","1841328500","1785372500","4216000","51740000","306340000","121600000","41344000","118000000","0","9728000","15668000","2147668500"
"한국폴리텍 특성화대학 로봇캠퍼스","사립","경북","209350000","202250000","0","7100000","32132000","26132000","0","6000000","0","0","0","241482000"
"한국폴리텍 특성화대학 바이오캠퍼스","사립","충남","534601250","492401250","0","42200000","114817917","46710000","38826667","10800000","0","11887500","6593750","649419167"
"한국폴리텍 특성화대학 반도체융합캠퍼스","사립","경기","521452000","513152000","0","8300000","151546000","64448000","5776000","75242000","0","6080000","0","672998000"
"한국폴리텍 특성화대학 항공캠퍼스","사립","경남","532096000","525896000","1000000","5200000","116188000","45022000","3931000","60000000","0","0","7235000","648284000"
"한국항공대학교","사립","경기","7824459147","7236805067","114405010","473249070","5735963375","1541941000","1370313900","855327285","0","45116000","1923265190","13560422522"
"한국해양대학교","국공립","부산","13619440292","12250456382","158005710","1210978200","3101310168","1896743500","671460800","214196418","0","0","318909450","16720750460"
"한남대학교","사립","대전","29197411312","28914419092","74522570","208469650","12046346208","3253505220","3624170718","567720724","0","66466460","4534483086","41243757520"
"한동대학교","사립","경북","12285998928","11301710418","23719280","960569230","4212707414","912977100","1067151120","959708294","0","22818000","1250052900","16498706342"
"한라대학교","사립","강원","8041037021","7753531671","157694950","129810400","3619543464","1432486850","670448300","109583004","0","41679000","1365346310","11660580485"
"한림대학교","사립","강원","18971434380","18227593230","288542850","455298300","9206087870","4534824150","1284190050","611987100","0","0","2775086570","28177522250"
"한림성심대학교","사립","강원","8176608173","8047162173","68170000","61276000","2495604412","732140370","49094000","507962292","5870000","1000000","1199537750","10672212585"
"한밭대학교","국공립","대전","17430826628","17081783928","81922120","267120580","5686502792","2423346040","1056964840","1388654152","0","0","817537760","23117329420"
"한서대학교","사립","충남","16244621544","16021582644","114307900","108731000","8937036386","3524025000","1727907000","322422736","0","86830000","3275851650","25181657930"
"한성대학교","사립","서울","15723449286","15439385376","55257210","228806700","8625779000","1441031250","1422593039","1772106629","0","28136050","3961912032","24349228286"
"한세대학교","사립","경기","6435708150","6316497650","25108500","94102000","3848193848","771886000","1026690000","117843548","0","3586000","1928188300","10283901998"
"한신대학교","사립","경기","12708819437","12415987837","31667600","261164000","5245722578","1956469020","1394881000","777129658","0","85982000","1031260900","17954542015"
"한양대학교","사립","서울","29975636607","27157028127","258973960","2559634520","24730213578","3530476200","5097582820","1559617342","872200","120437000","14421228016","54705850185"
"한양대학교(ERICA)","사립","경기","23868796876","22645967006","341496420","881333450","16429463454","2307903200","6817581712","489551374","15231180","126548000","6672647988","40298260330"
"한양사이버대학교","사립","서울","18441133830","18403437330","6800000","30896500","7539068550","481552000","47100000","0","0","7200000","7003216550","25980202380"
"한양여자대학교","사립","서울","18094552594","17917173144","22246400","155133050","5489245104","2032876270","1892667470","275404666","0","856200","1287440498","23583797698"
"한영대학교","사립","전남","3424037092","3424037092","0","0","889906648","76860000","121843000","27476398","0","1876500","661850750","4313943740"
"한일장신대학교","사립","전북","3426253754","3367211154","2890000","56152600","1038056576","139595000","35340000","48428576","0","12984000","801709000","4464310330"
"협성대학교","사립","경기","10561131301","10504331301","16000000","40800000","5609462882","1489497239","2789660971","314939104","16701550","31576800","967087218","16170594183"
"혜전대학교","사립","충남","7107498200","7001190950","0","106307250","2340058775","126498800","557921090","279306400","0","48248060","1328084425","9447556975"
"호남대학교","사립","광주","18643218924","18451509764","39101860","152607300","8585831194","2418907700","355226070","465936984","0","74396600","5271363840","27229050118"
"호남신학대학교","사립","광주","1858616196","1821457996","0","37158200","563783370","254425700","800000","78869750","0","0","229687920","2422399566"
"호산대학교","사립","경북","4831422939","4823620939","4402000","3400000","1677861696","199400250","0","17510386","0","762750","1460188310","6509284635"
"호서대학교","사립","충남","28966536086","28201647866","475156680","289731540","15178879121","4422236200","3416107900","1873684248","0","100771000","5366079773","44145415207"
"호원대학교","사립","전북","16846877719","16766637439","38828280","41412000","6801314141","1181016900","98288000","223946596","3939650","135273000","5158849995","23648191860"
"홍익대학교","사립","서울","33593060677","32583356967","50567180","959136530","37266046466","17648206300","8743546200","4354288864","0","77652000","6442353102","70859107143"
"화성의과학대학교","사립","경기","85584436","72067036","6816400","6701000","297480174","105328000","78350250","9148564","0","0","104653360","383064610"
"화신사이버대학교","사립","부산","3511804582","3510804582","0","1000000","587156618","0","178815000","7358618","0","53445000","347538000","4098961200"
